<?xml version="1.0" encoding="UTF-8"?>
<GenRun Id="synth_2" LaunchPart="xc7z020clg484-1" LaunchTime="1661176978">
  <File Type="PA-TCL" Name="Lab_6.tcl"/>
  <File Type="RDS-PROPCONSTRS" Name="Lab_6_drc_synth.rpt"/>
  <File Type="REPORTS-TCL" Name="Lab_6_reports.tcl"/>
  <File Type="RDS-RDS" Name="Lab_6.vds"/>
  <File Type="RDS-UTIL" Name="Lab_6_utilization_synth.rpt"/>
  <File Type="RDS-UTIL-PB" Name="Lab_6_utilization_synth.pb"/>
  <File Type="RDS-DCP" Name="Lab_6.dcp"/>
  <File Type="VDS-TIMINGSUMMARY" Name="Lab_6_timing_summary_synth.rpt"/>
  <File Type="VDS-TIMING-PB" Name="Lab_6_timing_summary_synth.pb"/>
  <FileSet Name="sources" Type="DesignSrcs" RelSrcDir="$PSRCDIR/sources_1">
    <Filter Type="Srcs"/>
    <File Path="$PSRCDIR/sources_1/new/Lab_6.vhd">
      <FileInfo>
        <Attr Name="ImportPath" Val="$PPRDIR/../../Downloads/Lab_6/Lab_6/Lab_6.srcs/sources_1/new/Lab_6.vhd"/>
        <Attr Name="ImportTime" Val="1653951141"/>
        <Attr Name="UsedIn" Val="synthesis"/>
        <Attr Name="UsedIn" Val="simulation"/>
      </FileInfo>
    </File>
    <Config>
      <Option Name="DesignMode" Val="RTL"/>
      <Option Name="TopModule" Val="Lab_6"/>
      <Option Name="TopAutoSet" Val="TRUE"/>
    </Config>
  </FileSet>
  <FileSet Name="constrs_in" Type="Constrs" RelSrcDir="$PSRCDIR/constrs_1">
    <Filter Type="Constrs"/>
    <File Path="$PSRCDIR/constrs_1/new/lab_1_Constraint.xdc">
      <FileInfo>
        <Attr Name="ImportPath" Val="$PPRDIR/../project_lab_1/project_lab_1.srcs/constrs_1/new/lab_1_Constraint.xdc"/>
        <Attr Name="ImportTime" Val="1661137041"/>
        <Attr Name="UsedIn" Val="synthesis"/>
        <Attr Name="UsedIn" Val="implementation"/>
      </FileInfo>
    </File>
    <Config>
      <Option Name="TargetConstrsFile" Val="$PSRCDIR/constrs_1/new/lab_1_Constraint.xdc"/>
      <Option Name="ConstrsType" Val="XDC"/>
    </Config>
  </FileSet>
  <FileSet Name="utils" Type="Utils" RelSrcDir="$PSRCDIR/utils_1">
    <Filter Type="Utils"/>
    <Config>
      <Option Name="TopAutoSet" Val="TRUE"/>
    </Config>
  </FileSet>
  <Strategy Version="1" Minor="2">
    <StratHandle Name="Vivado Synthesis Defaults" Flow="Vivado Synthesis 2018">
      <Desc>Vivado Synthesis Defaults</Desc>
    </StratHandle>
    <Step Id="synth_design"/>
  </Strategy>
</GenRun>
