<?xml version="1.0" encoding="UTF-8"?>
<GenRun Id="impl_1" LaunchPart="xc7z020clg484-1" LaunchTime="1661125430">
  <File Type="BITSTR-BMM" Name="Lab_6_bd.bmm"/>
  <File Type="OPT-METHODOLOGY-DRC" Name="Lab_6_methodology_drc_opted.rpt"/>
  <File Type="INIT-TIMING" Name="Lab_6_timing_summary_init.rpt"/>
  <File Type="ROUTE-PWR" Name="Lab_6_power_routed.rpt"/>
  <File Type="PA-TCL" Name="Lab_6.tcl"/>
  <File Type="OPT-TIMING" Name="Lab_6_timing_summary_opted.rpt"/>
  <File Type="OPT-DCP" Name="Lab_6_opt.dcp"/>
  <File Type="ROUTE-PWR-SUM" Name="Lab_6_power_summary_routed.pb"/>
  <File Type="REPORTS-TCL" Name="Lab_6_reports.tcl"/>
  <File Type="OPT-DRC" Name="Lab_6_drc_opted.rpt"/>
  <File Type="OPT-HWDEF" Name="Lab_6.hwdef"/>
  <File Type="PWROPT-DCP" Name="Lab_6_pwropt.dcp"/>
  <File Type="PWROPT-DRC" Name="Lab_6_drc_pwropted.rpt"/>
  <File Type="PWROPT-TIMING" Name="Lab_6_timing_summary_pwropted.rpt"/>
  <File Type="PLACE-DCP" Name="Lab_6_placed.dcp"/>
  <File Type="PLACE-IO" Name="Lab_6_io_placed.rpt"/>
  <File Type="PLACE-CLK" Name="Lab_6_clock_utilization_placed.rpt"/>
  <File Type="PLACE-UTIL" Name="Lab_6_utilization_placed.rpt"/>
  <File Type="PLACE-UTIL-PB" Name="Lab_6_utilization_placed.pb"/>
  <File Type="PLACE-CTRL" Name="Lab_6_control_sets_placed.rpt"/>
  <File Type="PLACE-SIMILARITY" Name="Lab_6_incremental_reuse_placed.rpt"/>
  <File Type="PLACE-PRE-SIMILARITY" Name="Lab_6_incremental_reuse_pre_placed.rpt"/>
  <File Type="BG-BGN" Name="Lab_6.bgn"/>
  <File Type="PLACE-TIMING" Name="Lab_6_timing_summary_placed.rpt"/>
  <File Type="POSTPLACE-PWROPT-DCP" Name="Lab_6_postplace_pwropt.dcp"/>
  <File Type="BG-BIN" Name="Lab_6.bin"/>
  <File Type="POSTPLACE-PWROPT-TIMING" Name="Lab_6_timing_summary_postplace_pwropted.rpt"/>
  <File Type="PHYSOPT-DCP" Name="Lab_6_physopt.dcp"/>
  <File Type="PHYSOPT-DRC" Name="Lab_6_drc_physopted.rpt"/>
  <File Type="BITSTR-MSK" Name="Lab_6.msk"/>
  <File Type="PHYSOPT-TIMING" Name="Lab_6_timing_summary_physopted.rpt"/>
  <File Type="ROUTE-ERROR-DCP" Name="Lab_6_routed_error.dcp"/>
  <File Type="ROUTE-DCP" Name="Lab_6_routed.dcp"/>
  <File Type="ROUTE-BLACKBOX-DCP" Name="Lab_6_routed_bb.dcp"/>
  <File Type="ROUTE-DRC" Name="Lab_6_drc_routed.rpt"/>
  <File Type="ROUTE-DRC-PB" Name="Lab_6_drc_routed.pb"/>
  <File Type="BITSTR-LTX" Name="debug_nets.ltx"/>
  <File Type="BITSTR-LTX" Name="Lab_6.ltx"/>
  <File Type="ROUTE-DRC-RPX" Name="Lab_6_drc_routed.rpx"/>
  <File Type="BITSTR-MMI" Name="Lab_6.mmi"/>
  <File Type="ROUTE-METHODOLOGY-DRC" Name="Lab_6_methodology_drc_routed.rpt"/>
  <File Type="ROUTE-METHODOLOGY-DRC-RPX" Name="Lab_6_methodology_drc_routed.rpx"/>
  <File Type="BITSTR-SYSDEF" Name="Lab_6.sysdef"/>
  <File Type="ROUTE-METHODOLOGY-DRC-PB" Name="Lab_6_methodology_drc_routed.pb"/>
  <File Type="ROUTE-PWR-RPX" Name="Lab_6_power_routed.rpx"/>
  <File Type="ROUTE-STATUS" Name="Lab_6_route_status.rpt"/>
  <File Type="ROUTE-STATUS-PB" Name="Lab_6_route_status.pb"/>
  <File Type="ROUTE-TIMINGSUMMARY" Name="Lab_6_timing_summary_routed.rpt"/>
  <File Type="ROUTE-TIMING-PB" Name="Lab_6_timing_summary_routed.pb"/>
  <File Type="ROUTE-TIMING-RPX" Name="Lab_6_timing_summary_routed.rpx"/>
  <File Type="ROUTE-SIMILARITY" Name="Lab_6_incremental_reuse_routed.rpt"/>
  <File Type="ROUTE-CLK" Name="Lab_6_clock_utilization_routed.rpt"/>
  <File Type="ROUTE-BUS-SKEW" Name="Lab_6_bus_skew_routed.rpt"/>
  <File Type="ROUTE-BUS-SKEW-PB" Name="Lab_6_bus_skew_routed.pb"/>
  <File Type="ROUTE-BUS-SKEW-RPX" Name="Lab_6_bus_skew_routed.rpx"/>
  <File Type="POSTROUTE-PHYSOPT-DCP" Name="Lab_6_postroute_physopt.dcp"/>
  <File Type="POSTROUTE-PHYSOPT-BLACKBOX-DCP" Name="Lab_6_postroute_physopt_bb.dcp"/>
  <File Type="POSTROUTE-PHYSOPT-TIMING" Name="Lab_6_timing_summary_postroute_physopted.rpt"/>
  <File Type="POSTROUTE-PHYSOPT-TIMING-PB" Name="Lab_6_timing_summary_postroute_physopted.pb"/>
  <File Type="POSTROUTE-PHYSOPT-TIMING-RPX" Name="Lab_6_timing_summary_postroute_physopted.rpx"/>
  <File Type="POSTROUTE-PHYSOPT-BUS-SKEW" Name="Lab_6_bus_skew_postroute_physopted.rpt"/>
  <File Type="POSTROUTE-PHYSOPT-BUS-SKEW-PB" Name="Lab_6_bus_skew_postroute_physopted.pb"/>
  <File Type="BG-BIT" Name="Lab_6.bit"/>
  <File Type="POSTROUTE-PHYSOPT-BUS-SKEW-RPX" Name="Lab_6_bus_skew_postroute_physopted.rpx"/>
  <File Type="BITSTR-RBT" Name="Lab_6.rbt"/>
  <File Type="BITSTR-NKY" Name="Lab_6.nky"/>
  <File Type="BG-DRC" Name="Lab_6.drc"/>
  <File Type="RDI-RDI" Name="Lab_6.vdi"/>
  <File Type="WBT-USG" Name="usage_statistics_webtalk.html"/>
  <FileSet Name="sources" Type="DesignSrcs" RelSrcDir="$PSRCDIR/sources_1">
    <Filter Type="Srcs"/>
    <File Path="$PSRCDIR/sources_1/new/Lab_6.vhd">
      <FileInfo>
        <Attr Name="ImportPath" Val="$PPRDIR/../../Downloads/Lab_6/Lab_6/Lab_6.srcs/sources_1/new/Lab_6.vhd"/>
        <Attr Name="ImportTime" Val="1653951141"/>
        <Attr Name="UsedIn" Val="synthesis"/>
        <Attr Name="UsedIn" Val="simulation"/>
      </FileInfo>
    </File>
    <Config>
      <Option Name="DesignMode" Val="RTL"/>
      <Option Name="TopModule" Val="Lab_6"/>
      <Option Name="TopAutoSet" Val="TRUE"/>
    </Config>
  </FileSet>
  <FileSet Name="constrs_in" Type="Constrs" RelSrcDir="$PSRCDIR/constrs_1">
    <Filter Type="Constrs"/>
    <File Path="$PSRCDIR/constrs_1/new/lab_1_Constraint.xdc">
      <FileInfo>
        <Attr Name="ImportPath" Val="$PPRDIR/../project_lab_1/project_lab_1.srcs/constrs_1/new/lab_1_Constraint.xdc"/>
        <Attr Name="ImportTime" Val="1661137041"/>
        <Attr Name="UsedIn" Val="synthesis"/>
        <Attr Name="UsedIn" Val="implementation"/>
      </FileInfo>
    </File>
    <Config>
      <Option Name="ConstrsType" Val="XDC"/>
    </Config>
  </FileSet>
  <FileSet Name="utils" Type="Utils" RelSrcDir="$PSRCDIR/utils_1">
    <Filter Type="Utils"/>
    <Config>
      <Option Name="TopAutoSet" Val="TRUE"/>
    </Config>
  </FileSet>
  <Strategy Version="1" Minor="2">
    <StratHandle Name="Vivado Implementation Defaults" Flow="Vivado Implementation 2018"/>
    <Step Id="init_design"/>
    <Step Id="opt_design"/>
    <Step Id="power_opt_design"/>
    <Step Id="place_design"/>
    <Step Id="post_place_power_opt_design"/>
    <Step Id="phys_opt_design"/>
    <Step Id="route_design"/>
    <Step Id="post_route_phys_opt_design"/>
    <Step Id="write_bitstream"/>
  </Strategy>
</GenRun>
